,unemployment_rate,inflation_rate,disposable_personal_income_millions,retail_sales_millions
unemployment_rate,1.0,-0.1820941020705512,-0.11361209633497835,-0.2997485871234424
inflation_rate,-0.1820941020705512,1.0,0.22459437337694368,0.35672208076835576
disposable_personal_income_millions,-0.11361209633497835,0.22459437337694368,1.0,0.9595089431730013
retail_sales_millions,-0.2997485871234424,0.35672208076835576,0.9595089431730013,1.0
